{"cameraMode":{"drawMode":0,"name":"Shaded","section":"Shading Mode"},"sceneLighting":true,"audioPlay":false,"sceneViewState":{"showFog":true,"showMaterialUpdate":false,"showSkybox":true,"showFlares":true,"showImageEffects":true,"showParticleSystems":true},"in2DMode":false,"pivot":{"x":0.5369725823402405,"y":-4.507120132446289,"z":4.249916076660156},"rotation":{"x":-0.45166057348251345,"y":-0.03051735833287239,"z":0.015432082116603852,"w":-0.8915641903877258},"size":21.12473487854004,"orthographic":false}